palabra,n
de,841
y,753
la,524
que,456
en,386
a,352
el,335
los,247
para,172
las,158
un,140
con,139
del,130
una,117
por,111
más,110
nuestros,84
es,83
nuestro,80
no,77
nuestra,75
como,71
chile,68
también,64
estamos,62
nos,55
nuestras,55
país,52
todos,48
eso,45
este,44
lo,43
se,43
al,40
hemos,40
pero,38
esta,37
son,37
hoy,36
mundo,36
porque,35
calidad,33
ha,33
o,33
chilenos,32
mejor,32
sus,32
mayor,30
su,30
va,30
compatriotas,29
día,29
congreso,28
ley,28
sin,27
año,26
estado,26
tenemos,26
e,25
está,25
todas,25
mil,24
desarrollo,23
esa,23
están,23
forma,23
además,22
cada,22
poder,22
vida,22
ya,22
cultura,21
grandes,21
países,21
gobierno,20
muy,20
quiero,20
vamos,20
niños,19
personas,19
proyecto,19
red,19
entre,18
años,17
educación,17
millones,17
mujeres,17
región,17
salud,17
sociedad,17
tiempo,17
esto,16
estos,16
fortalecer,16
gran,16
hacia,16
mejorar,16
modernización,16
nacional,16
sistema,16
tener,16
trabajo,16
veces,16
oportunidades,15
ser,15
siempre,15
todo,15
compromiso,14
derechos,14
desde,14
esfuerzo,14
familias,14
hay,14
muchas,14
permitir,14
reforma,14
regiones,14
van,14
ciudadanos,13
cuando,13
digital,13
ese,13
familia,13
fuerza,13
hacer,13
le,13
marcha,13
materia,13
muchos,13
proyectos,13
seguridad,13
unidad,13
avanzando,12
colaboración,12
cual,12
democracia,12
durante,12
han,12
hecho,12
mayores,12
nuevo,12
plan,12
podemos,12
política,12
santiago,12
cambio,11
construir,11
contra,11
derecho,11
duda,11
fue,11
fuerzas,11
futuro,11
hasta,11
historia,11
libertad,11
libre,11
misión,11
parte,11
poner,11
primero,11
respeto,11
sólo,11
través,11
uno,11
valores,11
acuerdos,10
aquellos,10
chilenas,10
clase,10
comunas,10
desafíos,10
ellos,10
enfrentar,10
hijos,10
instituciones,10
media,10
nosotros,10
revolución,10
sur,10
tiene,10
trabajadores,10
vez,10
acceso,9
adultos,9
avanzar,9
capacidad,9
carabineros,9
combatir,9
crecimiento,9
dar,9
días,9
generación,9
hace,9
inversión,9
lugar,9
ministerio,9
mucha,9
nueva,9
nuevas,9
nuevos,9
parque,9
pensiones,9
protección,9
público,9
recursos,9
sino,9
social,9
tanto,9
us,9
violencia,9
vivir,9
alma,8
américa,8
armadas,8
buena,8
ciudad,8
claro,8
crea,8
cumplir,8
delitos,8
donde,8
esos,8
especialmente,8
fortaleciendo,8
hombres,8
humanos,8
infraestructura,8
integración,8
justicia,8
les,8
ni,8
obras,8
pilar,8
probidad,8
programa,8
puede,8
puerto,8
recuperar,8
reducir,8
sabemos,8
si,8
sido,8
supuesto,8
tan,8
tecnologías,8
tiempos,8
toda,8
transporte,8
últimos,8
voluntad,8
yo,8
araucanía,7
bien,7
campo,7
ciudadana,7
ciudades,7
climático,7
comercio,7
construcción,7
creación,7
dos,7
edad,7
firme,7
junto,7
mundial,7
norte,7
orden,7
otros,7
pasado,7
permita,7
políticas,7
presidente,7
primeros,7
promover,7
proteger,7
pueblos,7
puedan,7
responsabilidad,7
segundo,7
solamente,7
solidario,7
somos,7
tienen,7
transparencia,7
urgencia,7
verdadera,7
viviendas,7
acuerdo,6
agenda,6
así,6
aumentar,6
cárceles,6
civil,6
costo,6
creciendo,6
décadas,6
delincuencia,6
diputados,6
empleos,6
enfermedades,6
estas,6
fortalece,6
fortaleza,6
he,6
igual,6
importantes,6
impulsando,6
jóvenes,6
laboral,6
latina,6
lograr,6
mar,6
mayoría,6
meses,6
modernizaciones,6
mucho,6
nada,6
narcotráfico,6
naturaleza,6
necesita,6
oportunidad,6
paz,6
presidentes,6
principios,6
productividad,6
pronto,6
queremos,6
regionales,6
salarios,6
san,6
seguir,6
sobre,6
tecnología,6
tecnológica,6
territorio,6
tren,6
actual,5
agricultura,5
alto,5
aplicando,5
aporte,5
aprender,5
buenas,5
casa,5
compromisos,5
concepción,5
cultural,5
cumbre,5
defensa,5
dentro,5
deporte,5
desafío,5
descentralización,5
diálogo,5
eficacia,5
enviamos,5
enviaremos,5
fiscal,5
fuera,5
fundamental,5
gobiernos,5
grande,5
igualdad,5
ingreso,5
innovación,5
integral,5
liderar,5
logramos,5
menos,5
metro,5
mis,5
modernizar,5
naturales,5
nivel,5
nunca,5
pie,5
pleno,5
poderes,5
primer,5
primera,5
prioridades,5
proceso,5
propios,5
pública,5
públicas,5
pueblo,5
pueden,5
quieren,5
sana,5
sé,5
significar,5
tercera,5
terminar,5
trabajando,5
trabajar,5
tres,5
ustedes,5
valparaíso,5
venezuela,5
víctimas,5
vidas,5
vulnerables,5
acción,4
aeropuertos,4
agua,4
algunos,4
ambiente,4
ampliación,4
anuncio,4
apoyo,4
aprovechar,4
asegurar,4
beneficio,4
buen,4
caído,4
calentamiento,4
calles,4
carrera,4
carretera,4
casi,4
centros,4
compartir,4
conocimiento,4
constitucional,4
consumo,4
cuál,4
cuna,4
daño,4
debemos,4
deberes,4
decir,4
delincuentes,4
dignidad,4
drogas,4
elige,4
ellas,4
empleo,4
enfermedad,4
ésta,4
estoy,4
facilitar,4
fueron,4
funcionamiento,4
global,4
gracias,4
importante,4
impulsamos,4
incluye,4
incorporar,4
integridad,4
internacional,4
investigaciones,4
kilómetros,4
leyes,4
libertades,4
línea,4
llegar,4
logros,4
lucha,4
mejora,4
mejores,4
mérito,4
millón,4
misma,4
mismo,4
mismos,4
nación,4
narcotraficantes,4
necesario,4
ningún,4
ninguna,4
niveles,4
noble,4
noticias,4
número,4
pacífico,4
padres,4
patrimonio,4
perfeccionar,4
planes,4
plena,4
pobreza,4
podamos,4
poderosa,4
policía,4
potencia,4
precios,4
previsional,4
principales,4
prioridad,4
profunda,4
puesto,4
pusimos,4
queridas,4
recuperación,4
reformas,4
rehabilitación,4
representa,4
respecto,4
sala,4
sea,4
semana,4
senado,4
será,4
seremos,4
significan,4
superior,4
temor,4
tenido,4
transformar,4
transición,4
trenes,4
unir,4
universal,4
uso,4
valioso,4
velocidad,4
vendrán,4
viven,4
vivienda,4
vivimos,4
voy,4
acceder,3
acciones,3
actuales,3
adversidad,3
agradezco,3
agroalimentaria,3
alcanzar,3
algo,3
alivio,3
anfitriones,3
antártica,3
antes,3
anunciar,3
aquellas,3
asia,3
atención,3
aún,3
autodeterminación,3
avances,3
aysén,3
ayuden,3
bandas,3
basa,3
base,3
biobío,3
bolivia,3
burocracia,3
buses,3
búsqueda,3
cambiando,3
caminar,3
camino,3
cantidad,3
capacidades,3
causa,3
central,3
certeza,3
china,3
ciencia,3
cirugía,3
clima,3
colaborar,3
compartida,3
concretas,3
confianzas,3
constituye,3
continente,3
contribución,3
corresponde,3
crear,3
creciente,3
creemos,3
crueles,3
cuáles,3
cuarta,3
cuarto,3
darle,3
defender,3
déficit,3
deportes,3
deuda,3
difícil,3
digámoslo,3
dios,3
droga,3
económico,3
eficaz,3
ejemplo,3
emprendimiento,3
empresas,3
energía,3
energías,3
entero,3
entrega,3
envejecimiento,3
espacios,3
esperamos,3
esperar,3
establece,3
estableciendo,3
estar,3
evitar,3
éxito,3
extender,3
exterior,3
filas,3
financiamiento,3
fortalezas,3
fuerte,3
fundamentales,3
gasto,3
graves,3
grupos,3
había,3
habitantes,3
haciendo,3
hechos,3
hospital,3
impunidad,3
incremento,3
independiente,3
indígenas,3
iniciamos,3
iniciar,3
integrarse,3
judicial,3
juntos,3
lecciones,3
legislación,3
legítimos,3
líder,3
lidera,3
lograron,3
magallanes,3
mano,3
mantener,3
mañana,3
medicamentos,3
mercados,3
metropolitana,3
mi,3
minería,3
mitad,3
nacimiento,3
narco,3
necesaria,3
necesitan,3
nietos,3
originarios,3
otra,3
otras,3
parques,3
participación,3
participar,3
partir,3
penal,3
periodo,3
permite,3
permitido,3
permitiremos,3
pesar,3
población,3
pobres,3
policial,3
precio,3
prepararnos,3
presencia,3
presentado,3
problemas,3
profesional,3
profundo,3
promedio,3
propio,3
próximas,3
públicos,3
puertos,3
queridos,3
rancagua,3
rápido,3
razón,3
razones,3
recordar,3
renovar,3
representan,3
requieren,3
respeta,3
rigor,3
río,3
rural,3
ruta,3
saben,3
sano,3
sean,3
segura,3
senadores,3
seres,3
servicio,3
servicios,3
siglos,3
significa,3
significativamente,3
soberanía,3
solidaridad,3
solo,3
subsidios,3
subvención,3
superar,3
talca,3
tasa,3
temas,3
temores,3
temple,3
temprana,3
tercer,3
tercero,3
territorial,3
total,3
tradición,3
trámites,3
transparentes,3
tributaria,3
última,3
últimas,3
unión,3
urgencias,3
urgente,3
urgentes,3
vemos,3
ver,3
versión,3
vienen,3
vista,3
volver,3
zonas,3
abierto,2
absolutamente,2
abuso,2
abusos,2
adelante,2
adquisición,2
aguas,2
ahí,2
ahorro,2
aisladas,2
algunas,2
alianza,2
alimentos,2
allá,2
alumnos,2
amigos,2
amplio,2
analizar,2
ante,2
antonio,2
apec,2
aprobación,2
aprobado,2
aquí,2
argentina,2
arica,2
armas,2
arriendo,2
arturo,2
astronomía,2
atender,2
atrás,2
aumentando,2
austral,2
autonomía,2
autoridad,2
ayer,2
ayudar,2
barreras,2
barrios,2
basado,2
basta,2
batalla,2
bendiga,2
beneficios,2
benítez,2
bernardo,2
brasil,2
busca,2
buscar,2
calle,2
cámara,2
caminos,2
campamentos,2
cápita,2
capos,2
carbón,2
cárcel,2
cargo,2
cargos,2
cartera,2
celebramos,2
centrales,2
cero,2
cerro,2
chileatiende,2
chileno,2
ciclo,2
cientos,2
ciertamente,2
círculo,2
ciudadanía,2
civilizado,2
claras,2
cobre,2
compatibilizar,2
competencias,2
comprometimos,2
condiciones,2
conectar,2
confrontación,2
conocido,2
conquistado,2
conquistar,2
conscientes,2
constitución,2
constructor,2
contempla,2
continuar,2
contrato,2
contributivo,2
convencido,2
convicción,2
convivencia,2
convocar,2
coordinación,2
copa,2
coquimbo,2
corea,2
coronel,2
correspondió,2
corrupción,2
corte,2
cosas,2
cosechar,2
costanera,2
creando,2
crecer,2
creo,2
cruel,2
cuales,2
cualquier,2
cumplimiento,2
cuya,2
dada,2
debate,2
deben,2
dejando,2
demasiados,2
derrotar,2
desarrollado,2
desarrollando,2
desarrollar,2
desmantelando,2
despliegue,2
después,2
deterioro,2
diciembre,2
dictadura,2
diferencia,2
digitales,2
dijo,2
dio,2
dirección,2
directamente,2
distintos,2
economía,2
económica,2
eeuu,2
eficaces,2
ejecutivo,2
ejercicio,2
elección,2
electromovilidad,2
eliminando,2
ella,2
ello,2
embalses,2
embargo,2
emprendedores,2
encuentro,2
energética,2
enorme,2
entregar,2
equipo,2
esas,2
escolar,2
escrita,2
esencial,2
esfuerzos,2
espíritu,2
estaban,2
estación,2
estaciones,2
estadios,2
estancamiento,2
estándares,2
estén,2
estudio,2
etapa,2
europea,2
exigen,2
existen,2
expandir,2
experiencia,2
expresiones,2
extensión,2
facilidad,2
fecundos,2
ffaa,2
fila,2
financiar,2
financiera,2
firmeza,2
física,2
flexibilidad,2
flota,2
fonasa,2
foro,2
fortalecimiento,2
frente,2
frutos,2
funeral,2
fútbol,2
g,2
garras,2
genera,2
gratuidad,2
hagan,2
haya,2
hemisferio,2
hermosa,2
hermosas,2
hizo,2
hogar,2
hogares,2
honrar,2
hospitales,2
identidad,2
implementado,2
importancia,2
impulsado,2
impulsar,2
impulso,2
incentivar,2
inclusivo,2
incorpora,2
incorporación,2
incrementamos,2
independencia,2
india,2
información,2
inmensa,2
instrumento,2
integrada,2
integrado,2
integrando,2
integrar,2
interés,2
intereses,2
interior,2
internet,2
inversiones,2
invitados,2
isapres,2
isla,2
jornada,2
joven,2
jueces,2
jurídica,2
justa,2
largo,2
legítimamente,2
levantar,2
licencias,2
límites,2
limpio,2
líneas,2
llamado,2
logrado,2
lota,2
mafia,2
mandato,2
manera,2
maravilloso,2
marco,2
maternidad,2
matriz,2
máxima,2
máximo,2
medidas,2
medio,2
mencionado,2
menor,2
mensaje,2
merecen,2
merino,2
metros,2
mide,2
migración,2
milenio,2
miles,2
ministerios,2
ministros,2
mirada,2
moderna,2
moderno,2
montt,2
moral,2
movilidad,2
muerte,2
multilateralismo,2
múltiples,2
municipales,2
nacionales,2
nadie,2
necesarias,2
necesidad,2
necesitamos,2
niñas,2
noche,2
o’higgins,2
objetivo,2
olvidar,2
oportuna,2
oportuno,2
oposición,2
óptica,2
órdenes,2
orgullosos,2
origen,2
pacífica,2
pagará,2
paisajes,2
parejas,2
parlamentarios,2
pasar,2
patria,2
peajes,2
pensando,2
pensionados,2
per,2
perdido,2
permitiendo,2
permitirá,2
petróleo,2
pide,2
pido,2
pilares,2
planeta,2
plazo,2
plenitud,2
pobre,2
poderosas,2
policías,2
positivo,2
postergadas,2
practicar,2
preferente,2
presente,2
presidencia,2
presos,2
prevenir,2
preventivo,2
principal,2
priorizar,2
privadas,2
privados,2
probablemente,2
profesores,2
programas,2
promoviendo,2
pronta,2
propia,2
prosur,2
próximos,2
pueda,2
puedo,2
puesta,2
pymes,2
qué,2
quede,2
quinta,2
rankings,2
real,2
rebaja,2
recibimos,2
recientemente,2
reconocer,2
reconocimiento,2
recreación,2
redujo,2
reemplazando,2
régimen,2
regional,2
registro,2
reglas,2
relaciones,2
república,2
republicana,2
requiere,2
requisitos,2
respetar,2
resultados,2
ritmo,2
rituales,2
rodríguez,2
rol,2
rondas,2
rutas,2
sacar,2
segunda,2
seguro,2
selección,2
semanas,2
sembramos,2
sename,2
sentido,2
señores,2
separación,2
serie,2
siendo,2
sienten,2
simplemente,2
simplificar,2
singapur,2
situación,2
sociales,2
sol,2
sueño,2
suficientes,2
sustentable,2
tal,2
tantas,2
tarea,2
técnico,2
telecomunicaciones,2
tema,2
tendrá,2
tengamos,2
termine,2
til,2
toca,2
todavía,2
tolerancia,2
trabajamos,2
trabajos,2
tráfico,2
tragedia,2
trámite,2
tratamientos,2
traten,2
tremendo,2
tributario,2
tuvimos,2
usuarios,2
utilizar,2
valor,2
valorar,2
vecinos,2
verdadero,2
vicioso,2
violentos,2
visto,2
voz,2
vulnerable,2
zelanda,2
5g,1
abandonados,1
abnegada,1
abrazarla,1
abre,1
abren,1
abrir,1
absorbemos,1
acabamos,1
academia,1
acatamiento,1
accesos,1
accidente,1
accidentes,1
acelerando,1
acercado,1
acogedor,1
acondicionado,1
acordamos,1
acortar,1
acto,1
actualmente,1
acuicultura,1
acuíferos,1
acumulada,1
adaptarse,1
adicional,1
adicionalmente,1
adictos,1
administran,1
administrativas,1
admisión,1
adolescente,1
adolescentes,1
adopción,1
adopciones,1
adoptamos,1
adquisiciones,1
aduanas,1
aeropuerto,1
afecta,1
afectos,1
agilizar,1
agotan,1
agregar,1
agricultores,1
agrupa,1
ahora,1
aire,1
aislado,1
ajustar,1
alcaldes,1
alcista,1
alcoholismo,1
alegría,1
algún,1
alimentación,1
alimento,1
alta,1
altos,1
ambiciosa,1
ambiciosos,1
ambiental,1
ámbitos,1
amenazados,1
amenazas,1
américo,1
ameritan,1
amigables,1
amistad,1
amores,1
ampliamente,1
ancho,1
andes,1
angustian,1
anhelado,1
anhelados,1
antecedentes,1
antecedido,1
antecedió,1
anterior,1
antigua,1
antigüedad,1
antiguos,1
antiportonazos,1
antisociales,1
antofagasta,1
anunciaremos,1
aparato,1
apelo,1
aplica,1
aplicación,1
aplicar,1
aplicó,1
apoderados,1
aporta,1
aportar,1
apreciar,1
aprobamos,1
aprobar,1
aprobemos,1
aprobó,1
aprovecho,1
apunta,1
apurar,1
arbitrarias,1
arenas,1
armados,1
arriba,1
arriesgando,1
articular,1
artísticas,1
artístico,1
ascensos,1
asean,1
asfixiamos,1
asfixiar,1
asientos,1
asignado,1
asignados,1
asimismo,1
asociados,1
asociatividad,1
aspecto,1
aspectos,1
asumimos,1
asumirla,1
atacama,1
atentando,1
atiendan,1
atienden,1
atribuciones,1
aula,1
aumenta,1
aunque,1
austeros,1
australia,1
automáticamente,1
autonomías,1
autopista,1
autopistas,1
autoridades,1
avanzado,1
avión,1
aylwin,1
azar,1
bajando,1
bajos,1
balas,1
balmaceda,1
banco,1
básicamente,1
básicas,1
básicos,1
bastante,1
batallas,1
batuco,1
bella,1
beneficiarse,1
beneficie,1
bicentenario,1
bicicletas,1
bienes,1
binacionales,1
biotren,1
bombas,1
borde,1
botella,1
brazos,1
brecha,1
bud,1
buenos,1
bullying,1
bulnes,1
burocrático,1
buscando,1
cable,1
cabo,1
caer,1
caída,1
caídos,1
calama,1
calera,1
cambiar,1
cambios,1
campaña,1
campos,1
canadá,1
canal,1
cáncer,1
cancha,1
capacitación,1
capaz,1
capital,1
capitales,1
capitalizamos,1
capitán,1
capturados,1
carácter,1
carbono,1
cardiovasculares,1
carencia,1
carencias,1
carga,1
cargar,1
cariño,1
carlos,1
caro,1
carreras,1
carreteras,1
carriel,1
casos,1
casualidad,1
catástrofe,1
catástrofes,1
catastrófica,1
catastróficas,1
catastrófico,1
categórica,1
categórico,1
cauquenes,1
causarnos,1
causen,1
cautín,1
cautivos,1
cayendo,1
cayó,1
cecilia,1
celebrado,1
celebraremos,1
célebre,1
celulares,1
centro,1
centroamérica,1
cerca,1
cercanía,1
cerrar,1
certeros,1
certificado,1
certificados,1
chacabuco,1
chacao,1
charlie,1
chillan,1
chillán,1
chiloé,1
chinas,1
chironta,1
chuquicamata,1
ciberacoso,1
ciegamente,1
científico,1
científicos,1
cierre,1
cifras,1
circulando,1
cívica,1
clara,1
claros,1
clases,1
climas,1
cobertura,1
cobra,1
cocaína,1
codelco,1
código,1
cohecho,1
coherente,1
colectivas,1
colegios,1
colina,1
colonia,1
combustibles,1
comenzado,1
comenzando,1
comercial,1
comerciales,1
cometido,1
cometiendo,1
cometieron,1
comisaría,1
cómo,1
comodidad,1
cómodo,1
cómodos,1
compañeros,1
comparten,1
compartidos,1
compartimos,1
compartiremos,1
compensen,1
complemento,1
completamos,1
completando,1
compra,1
comprende,1
compromete,1
comprometer,1
comprometido,1
comprometidos,1
computadores,1
común,1
comunales,1
comunicación,1
comunicados,1
comunicamos,1
comunidad,1
comunidades,1
concentran,1
concepto,1
concesión,1
concesionarias,1
conciencia,1
concurro,1
condenado,1
conduce,1
conductas,1
conectado,1
conectados,1
conectarán,1
conexión,1
confiable,1
confianza,1
conflicto,1
conjunto,1
conozca,1
conquistamos,1
conquistaron,1
consecuencia,1
consejo,1
conservación,1
considerados,1
considerando,1
consolidar,1
constante,1
construye,1
consulta,1
contacto,1
contar,1
contenidos,1
continental,1
contrario,1
contratos,1
contribuciones,1
contribuir,1
contribuyendo,1
contribuyente,1
contribuyentes,1
control,1
controversias,1
convergemos,1
convergencia,1
coordinar,1
coraje,1
corazón,1
corazones,1
cordillera,1
corre,1
corresponsabilidad,1
corrupta,1
cosa,1
cosechado,1
cosmovisión,1
costado,1
cread,1
creamos,1
crean,1
créanme,1
creatividad,1
crecieron,1
creció,1
cree,1
crimen,1
crisis,1
cristóbal,1
crónicas,1
cruza,1
cualitativo,1
cuantitativo,1
cuartel,1
cuatro,1
cúbicos,1
cuello,1
cuenta,1
cuerpo,1
cuesta,1
cuidado,1
culturales,1
cumbres,1
cumple,1
cumplen,1
cuotas,1
curar,1
curicó,1
cuyo,1
dado,1
dama,1
dan,1
dando,1
dañadas,1
data,1
datos,1
deba,1
deban,1
deber,1
débil,1
debilidad,1
debilitamiento,1
debilitando,1
debilitar,1
década,1
decenas,1
decididamente,1
decidido,1
decidir,1
declarado,1
decretamos,1
dedicar,1
defendido,1
defendiendo,1
defensor,1
déficits,1
definitivamente,1
dejar,1
deje,1
dejo,1
delictuales,1
delinquir,1
delito,1
demanda,1
demasiado,1
democráticamente,1
democráticas,1
democráticos,1
democratización,1
demostrado,1
denuncias,1
dependientes,1
deposita,1
depositan,1
derribando,1
derrotas,1
desarrollamos,1
desastres,1
desatada,1
desatar,1
desbaratar,1
descalificaciones,1
descarbonización,1
descarbonizar,1
descentralizarán,1
descubrimientos,1
descuidarlo,1
desechable,1
desempeñarse,1
desempleo,1
desesperación,1
desgraciadamente,1
desierto,1
desigualdades,1
destacamos,1
destacando,1
destacar,1
destino,1
destrabado,1
destruirse,1
detectives,1
detención,1
detener,1
detenerse,1
detenidos,1
determinado,1
detrás,1
deudas,1
diabetes,1
diagnósticos,1
dialogar,1
dictadores,1
dieron,1
diferentes,1
difíciles,1
dificultades,1
difundido,1
digo,1
dije,1
dimos,1
directorios,1
dirigirme,1
discapacidades,1
discrecionalidades,1
discriminación,1
discriminaciones,1
diseño,1
dispersos,1
disponible,1
disposición,1
dispuestos,1
distancia,1
distintas,1
disuasiva,1
diversa,1
diversidad,1
diverso,1
dividido,1
doble,1
dolorosa,1
dolorosas,1
dramática,1
drástica,1
drogadicción,1
duelen,1
duplicación,1
duplicado,1
duplicar,1
duramente,1
eclipse,1
economías,1
económicos,1
educacionales,1
educamos,1
educándose,1
educar,1
educarnos,1
efectiva,1
ejemplar,1
ejercer,1
ejercicios,1
elaboramos,1
elecciones,1
electoral,1
eléctrica,1
eléctricos,1
electrónicas,1
elegida,1
elegir,1
elementos,1
eliminar,1
eludiendo,1
emblemáticas,1
emblemáticos,1
emergió,1
emisiones,1
emitamos,1
emite,1
emociona,1
empeñados,1
empezando,1
empleador,1
empoderamiento,1
empoderar,1
enamorarnos,1
encabezada,1
encomendado,1
encontrar,1
encuentra,1
encuentros,1
encuesta,1
enferma,1
enfoca,1
enfrentado,1
enfrentamos,1
enfrentando,1
enfrentarse,1
enfriaron,1
engañados,1
enlace,1
enriquecernos,1
enseñado,1
enseñan,1
entonces,1
entrada,1
entregamos,1
entregando,1
entregarles,1
entristecen,1
enumerar,1
enusc,1
envejecer,1
envejeciendo,1
enviar,1
envío,1
equidad,1
equilibrios,1
era,1
eran,1
erradicar,1
errores,1
ésa,1
escala,1
escuchar,1
escuela,1
escuelas,1
esenciales,1
espacial,1
espacio,1
espalda,1
españa,1
especial,1
especialistas,1
especializadas,1
especializar,1
específicas,1
espejo,1
espera,1
esperan,1
esperanza,1
estabilidad,1
estabilizar,1
establecen,1
establecido,1
establecimientos,1
estables,1
estacionamientos,1
estados,1
estarán,1
estatuto,1
éstos,1
estratégicas,1
estratégicos,1
estudiando,1
estudiantes,1
estudios,1
euroasiática,1
europa,1
evaluación,1
evasión,1
eventos,1
evitando,1
exámenes,1
exceda,1
exceso,1
exigente,1
exigían,1
exigibles,1
exigiéndoles,1
exigir,1
exista,1
existan,1
exitosas,1
expande,1
expandiendo,1
exportación,1
exportaciones,1
expresar,1
expreso,1
expulsado,1
extendida,1
extendido,1
extensas,1
extensiones,1
extiende,1
extinga,1
extirpar,1
extranjero,1
extraordinario,1
fácil,1
factor,1
fallos,1
falta,1
familiar,1
fármacos,1
fasat,1
favorecerá,1
félix,1
feliz,1
femenina,1
fenómenos,1
fernando,1
ferrocarriles,1
fertilidad,1
fibra,1
fin,1
final,1
finalmente,1
financiado,1
firmaron,1
fiscales,1
fiscalizar,1
físicos,1
flagelo,1
flagelos,1
flexibilizar,1
florida,1
fluidez,1
fluvial,1
focalizadas,1
folklore,1
fondos,1
forjado,1
forjando,1
formar,1
formidables,1
fórmula,1
fortaleciéndose,1
fortalezca,1
fósiles,1
fracaso,1
francia,1
fraternal,1
fratricida,1
frentes,1
frontalmente,1
frontera,1
fronterizos,1
frustraciones,1
fruta,1
fuertemente,1
fuimos,1
funcionar,1
funciones,1
fundadores,1
futuros,1
gabinetes,1
gabriela,1
garantía,1
garantías,1
garantizado,1
gas,1
gastar,1
generaciones,1
generosa,1
generoso,1
gente,1
geotermia,1
golpea,1
golpeado,1
golpeando,1
goyenechea,1
gracia,1
gradualmente,1
grandiosos,1
griegos,1
gritos,1
grupo,1
guardián,1
guerra,1
guiar,1
guiarnos,1
gustan,1
habitacionales,1
hablarles,1
hacen,1
hacerla,1
hacerle,1
hacerlo,1
hacernos,1
haciéndole,1
haga,1
hayan,1
hecha,1
hechizas,1
hectáreas,1
herencia,1
hermanos,1
hermoso,1
heroicos,1
herramienta,1
herramientas,1
hice,1
hicimos,1
hielos,1
hijo,1
hipertensión,1
histórico,1
honestamente,1
honestidad,1
hora,1
horas,1
horizonte,1
humana,1
humanas,1
humanitaria,1
humano,1
humildemente,1
hurtado,1
ibáñez,1
identificado,1
identificó,1
ido,1
ignoran,1
igualando,1
igualmente,1
ilegal,1
ilegales,1
ilustrando,1
imaginación,1
imaginamos,1
impactado,1
impera,1
imperio,1
impidiendo,1
implementación,1
implementamos,1
implementar,1
imposibilidad,1
imprescriptibilidad,1
impulsaremos,1
inaceptable,1
inaugurada,1
incertidumbres,1
inclusión,1
incluyen,1
incluyendo,1
incompetente,1
incrementar,1
incumplido,1
indígena,1
infancia,1
infantiles,1
infertilidad,1
informamos,1
informarles,1
infraganti,1
ingresamos,1
ingresaron,1
iniciado,1
iniciando,1
iniciándose,1
iniciativas,1
inicio,1
inició,1
inmediata,1
inmensamente,1
innecesarios,1
insostenible,1
inspira,1
inspiraron,1
institucionalidad,1
integradas,1
íntegramente,1
integramos,1
inteligencia,1
inteligentes,1
intensa,1
intensificado,1
intentar,1
interacción,1
intercambio,1
internos,1
intervención,1
intolerables,1
intrafamiliar,1
inventado,1
invertir,1
investigativas,1
invisibles,1
involucra,1
involucrados,1
involucran,1
ir,1
isidora,1
japón,1
jardines,1
joaquín,1
josé,1
jubilación,1
jubilados,1
judiciales,1
juegos,1
junio,1
juzgados,1
kínder,1
km,1
labor,1
labores,1
lanzamos,1
lealtad,1
legal,1
legalmente,1
legar,1
legislativo,1
legítimas,1
legítimo,1
lejos,1
lenguaje,1
levantarnos,1
libertadores,1
libraron,1
licitación,1
licitar,1
liderando,1
liderazgo,1
liderazgos,1
lideres,1
lima,1
limache,1
limpia,1
limpias,1
listas,1
litio,1
llegado,1
llegando,1
llegará,1
llegó,1
llegue,1
lleguen,1
lleva,1
llevó,1
lluviosos,1
lobby,1
logrando,1
logre,1
logró,1
luchar,1
lugares,1
lujos,1
macro,1
madera,1
madre,1
madres,1
madurez,1
mafias,1
mágica,1
maipú,1
males,1
malloco,1
maltrato,1
mandata,1
manos,1
mapocho,1
maravillosos,1
marcando,1
mareomotriz,1
mares,1
marihuana,1
marinas,1
marítimas,1
mascotas,1
masivas,1
masivos,1
me,1
medianos,1
mediante,1
médica,1
médicas,1
médicos,1
medios,1
meditemos,1
mediterráneos,1
mejoramiento,1
mejorando,1
mejoras,1
mejore,1
melipilla,1
mena,1
mencionar,1
menores,1
mensuales,1
mental,1
mentales,1
mente,1
mercosur,1
merece,1
merval,1
mes,1
mesa,1
meta,1
metas,1
meter,1
metropolitano,1
mientras,1
migraciones,1
migrantes,1
militar,1
mina,1
mineral,1
mistral,1
mm,1
mochila,1
moción,1
modernidad,1
moderniza,1
modernizando,1
modernos,1
modificar,1
molotov,1
momento,1
monto,1
monumentos,1
mostrando,1
mostrar,1
mostró,1
motiva,1
motivación,1
movilizando,1
movimiento,1
mueve,1
múltiple,1
multiplicamos,1
mundiales,1
municipal,1
municipios,1
muros,1
museos,1
mutuamente,1
nacen,1
nacer,1
nacieron,1
naciones,1
natal,1
necesarios,1
necesidades,1
negociaciones,1
negociadores,1
negociando,1
negociar,1
neurodegenerativas,1
neutral,1
niñez,1
noches,1
nombramiento,1
nombrar,1
nombre,1
normalizado,1
notables,1
noticia,1
nuevamente,1
ñuble,1
oasis,1
obedece,1
obligación,1
obligatorio,1
observamos,1
observando,1
observatorios,1
obsolescencia,1
obstruccionismo,1
obtener,1
obtuvimos,1
ocasión,1
océano,1
océanos,1
oeste,1
ofertas,1
oficinas,1
ojos,1
olas,1
olvidamos,1
olvidarnos,1
omc,1
omitir,1
operación,1
operacional,1
óptico,1
oral,1
organización,1
organizaciones,1
organizado,1
organizar,1
orientado,1
oriente,1
otorgamiento,1
otorgar,1
otro,1
oxigenar,1
paciencia,1
pacientes,1
padre,1
pagan,1
página,1
pago,1
palabra,1
palmas,1
panamericanos,1
papel,1
papeleo,1
papeles,1
par,1
parís,1
parlamentaria,1
parlamento,1
parral,1
partes,1
participantes,1
participativas,1
particularmente,1
parvularia,1
pasajeros,1
pasamos,1
pasando,1
pase,1
pasearse,1
paseo,1
pasó,1
pasos,1
pasta,1
patricio,1
patrimonial,1
patriotas,1
patrullaje,1
pdi,1
pedalear,1
pedir,1
peligro,1
peligrosas,1
peligrosos,1
penas,1
penco,1
pendientes,1
penetra,1
penitenciaria,1
pequeñas,1
pequeños,1
percepción,1
perder,1
perderlo,1
perdida,1
pérdida,1
perdón,1
perfeccionarlo,1
período,1
permanente,1
permanentemente,1
permítanme,1
permiten,1
permitirles,1
perpetuidad,1
perseverancia,1
persona,1
personales,1
pertenece,1
pertenecen,1
pertenecientes,1
perú,1
pesadilla,1
pesca,1
pichoy,1
pidan,1
pidiendo,1
pidieron,1
pierde,1
pierden,1
piloto,1
pionera,1
piso,1
planteado,1
plataforma,1
plenamente,1
pluralista,1
pocos,1
poderoso,1
podían,1
podrán,1
poetisa,1
políticos,1
polivalencia,1
ponen,1
ponerla,1
ponerse,1
ponga,1
poniendo,1
porcentaje,1
portonazos,1
posible,1
posiciones,1
positiva,1
positivos,1
post,1
postas,1
postergada,1
postergando,1
postulando,1
potencial,1
potenciamiento,1
potenciando,1
potenciar,1
potencias,1
práctica,1
practicamos,1
pre,1
preexistencias,1
preferentemente,1
preguntas,1
preocupación,1
preocupantes,1
preparado,1
preparados,1
preparando,1
preparemos,1
presentamos,1
presentar,1
presentaré,1
presentaremos,1
preso,1
prestigio,1
pretender,1
pretensiones,1
prevaleció,1
prevención,1
preventivas,1
previos,1
prieto,1
primaria,1
principio,1
prioritario,1
prioriza,1
priorizado,1
privilegios,1
pro,1
procedimientos,1
procesal,1
producción,1
producen,1
producido,1
producidos,1
producir,1
productivo,1
productos,1
profundamente,1
profundidad,1
progresado,1
progresando,1
progresista,1
progresos,1
promisorio,1
promovidos,1
propias,1
propondremos,1
proponerles,1
proponiendo,1
propósito,1
propósitos,1
protegida,1
protegido,1
protegiendo,1
proveerles,1
proveyendo,1
provisionales,1
próxima,1
próximo,1
proyectarnos,1
publicas,1
pucón,1
pudahuel,1
pudimos,1
puente,1
puerta,1
puertas,1
punilla,1
punta,1
puntos,1
puñado,1
puso,1
pyme,1
queda,1
quedarse,1
quedó,1
quiebre,1
quién,1
quieran,1
quilicura,1
quinto,1
quisiera,1
r,1
racionalizar,1
raíces,1
rally,1
rápida,1
rapidez,1
rápidos,1
raras,1
ratificar,1
reajuste,1
realice,1
realizado,1
realizarse,1
recargado,1
recargar,1
recaudación,1
recesión,1
receta,1
reciben,1
reciclable,1
recoge,1
recoger,1
reconocemos,1
reconstruir,1
recordados,1
recordamos,1
recordarlo,1
recorrer,1
recuerdos,1
recupera,1
recuperada,1
recuperamos,1
recuperando,1
recuperaron,1
recurso,1
reducción,1
reducida,1
reduciendo,1
reelecciones,1
reemplaza,1
reemplazar,1
refleja,1
reflejado,1
reflexión,1
reformando,1
regionalización,1
regresar,1
regula,1
regularización,1
rehabilitar,1
reimpulsado,1
reincidencias,1
reintegración,1
reiterar,1
relación,1
remodelación,1
renovación,1
renovarse,1
reparación,1
reproduzcan,1
republicanas,1
requerimientos,1
reservada,1
resguardando,1
residencias,1
resolver,1
respectar,1
respectivamente,1
respetadas,1
respetan,1
respetando,1
responsabilidades,1
respuesta,1
restauración,1
resto,1
retroceder,1
retrógrado,1
reúnen,1
reunirnos,1
revisando,1
revuelquen,1
ricarte,1
ricos,1
rigores,1
rigurosidad,1
ríos,1
robusta,1
romper,1
ruidoso,1
rurales,1
rusia,1
saavedra,1
sabiamente,1
sabias,1
sabido,1
sabiduría,1
sabiendo,1
sabio,1
sabrá,1
salario,1
salas,1
saldo,1
salgan,1
salto,1
salvador,1
salvar,1
sanitaria,1
satelital,1
satélite,1
satélites,1
satisfacción,1
satisfacer,1
sectores,1
sectoriales,1
sede,1
seguirá,1
seguirán,1
seguiremos,1
seguirlo,1
sello,1
sence,1
sentimos,1
señaló,1
señoras,1
sepa,1
sepamos,1
separan,1
serena,1
serlo,1
severas,1
sexual,1
sexuales,1
sí,1
sientan,1
siga,1
sigamos,1
sigan,1
significativo,1
signifique,1
signos,1
sigue,1
silala,1
simple,1
sinceramente,1
sinónimo,1
sintiendo,1
siquiera,1
situaciones,1
soberanos,1
soborno,1
sobriedad,1
soledad,1
solidaria,1
solidez,1
sólidos,1
solos,1
solución,1
soluciones,1
someterse,1
soñaron,1
sorprendidas,1
soto,1
stop,1
subido,1
subirnos,1
submarino,1
subsecretaría,1
subsisten,1
subterráneo,1
suburbanos,1
sucedido,1
sucursales,1
suerte,1
suficiente,1
sufren,1
sujeción,1
suma,1
sumadas,1
supera,1
superación,1
superan,1
superando,1
superiores,1
supo,1
surfistas,1
suscribir,1
suscripción,1
sustancialmente,1
sustentables,1
táctico,1
talagante,1
talento,1
talentos,1
tampoco,1
tanta,1
tantos,1
tarde,1
tareas,1
teatros,1
tecnológicas,1
tecnológico,1
teléfonos,1
teletrabajo,1
tendencia,1
tendrán,1
tendremos,1
tenga,1
tengan,1
tenía,1
teníamos,1
tenían,1
teniente,1
terapias,1
terceras,1
tercios,1
términos,1
territorios,1
terrorismo,1
tipo,1
toma,1
tómbola,1
tono,1
tope,1
tormentosas,1
tornados,1
torquemada,1
totales,1
tpp,1
trabajadoras,1
tradicional,1
tradiciones,1
traficantes,1
tramitar,1
tranquilizantes,1
transantiago,1
transferencia,1
transfiriéndoles,1
transformado,1
transformando,1
transformarlo,1
transforme,1
tránsito,1
transpacífico,1
transversal,1
tratado,1
tratados,1
tratamiento,1
tratar,1
trato,1
tribuna,1
triste,1
tristemente,1
tristes,1
trombas,1
une,1
única,1
único,1
unidades,1
unido,1
unidos,1
unificado,1
urbana,1
urbanas,1
urbano,1
usando,1
usb,1
utensilios,1
utilizan,1
utilizando,1
utilizarlos,1
valdivia,1
valentes,1
valentía,1
válidamente,1
válidos,1
valiosa,1
valiosos,1
valle,1
valorados,1
valoramos,1
vanguardia,1
varios,1
vaya,1
vea,1
vehículos,1
vejez,1
venezolanos,1
verdaderas,1
vespucio,1
viabilidad,1
viajan,1
viajes,1
vías,1
vicios,1
victoria,1
victorias,1
viento,1
vigente,1
vigorosa,1
viña,1
virgen,1
virtual,1
virtud,1
visibles,1
viva,1
vive,1
vivíamos,1
vivido,1
viviendo,1
voluntariamente,1
vulnerabilidad,1
web,1
wifi,1
williams,1
yumbel,1
